table_name,column_name,data_type,not_null,primary_key,foreign_key,references
users,id,INTEGER,1,1,0,
users,username,TEXT,1,0,0,
users,email,TEXT,1,0,0,
users,created_at,DATETIME,1,0,0,
posts,id,INTEGER,1,1,0,
posts,user_id,INTEGER,1,0,1,users.id
posts,title,TEXT,1,0,0,
posts,content,TEXT,1,0,0,
posts,created_at,DATETIME,1,0,0,
comments,id,INTEGER,1,1,0,
comments,post_id,INTEGER,1,0,1,posts.id
comments,user_id,INTEGER,1,0,1,users.id
comments,content,TEXT,1,0,0,
comments,created_at,DATETIME,1,0,0,
